session_id,user_id,session_start,session_end,traffic_source,landing_page,device_type
SES00001,USER0001,2025-10-29 08:01:05,2025-10-29 08:16:05,Organic Search,/pricing,mobile
SES00002,USER0001,2025-10-24 20:55:00,2025-10-24 21:07:00,Organic Search,/signup,mobile
SES00003,USER0001,2025-10-27 21:22:38,2025-10-27 21:40:38,Organic Search,/home,mobile
SES00004,USER0001,2025-11-11 18:39:56,2025-11-11 19:04:56,Organic Search,/demo,mobile
SES00005,USER0001,2025-10-24 15:40:53,2025-10-24 16:05:53,Organic Search,/pricing,mobile
SES00006,USER0002,2025-04-26 09:13:58,2025-04-26 09:51:58,Paid Ads,/signup,mobile
SES00007,USER0002,2025-05-11 16:34:16,2025-05-11 17:13:16,Paid Ads,/blog,mobile
SES00008,USER0002,2025-05-12 08:55:07,2025-05-12 09:06:07,Paid Ads,/signup,mobile
SES00009,USER0002,2025-04-26 16:55:00,2025-04-26 17:04:00,Paid Ads,/signup,mobile
SES00010,USER0003,2025-05-08 09:55:40,2025-05-08 10:16:40,Organic Search,/signup,tablet
SES00011,USER0003,2025-04-20 20:10:34,2025-04-20 20:45:34,Organic Search,/home,tablet
SES00012,USER0003,2025-04-12 22:23:56,2025-04-12 22:44:56,Organic Search,/pricing,tablet
SES00013,USER0003,2025-04-11 19:31:52,2025-04-11 19:37:52,Organic Search,/demo,tablet
SES00014,USER0003,2025-04-30 15:35:10,2025-04-30 15:53:10,Organic Search,/demo,tablet
SES00015,USER0004,2024-08-07 11:14:04,2024-08-07 11:37:04,Direct,/home,tablet
SES00016,USER0004,2024-08-31 13:04:32,2024-08-31 13:21:32,Direct,/features,tablet
SES00017,USER0004,2024-08-29 14:12:06,2024-08-29 14:20:06,Direct,/signup,tablet
SES00018,USER0004,2024-08-29 21:06:15,2024-08-29 21:20:15,Direct,/pricing,tablet
SES00019,USER0005,2024-02-26 14:31:30,2024-02-26 14:46:30,Social Media,/blog,mobile
SES00020,USER0005,2024-03-04 08:24:16,2024-03-04 08:55:16,Social Media,/features,mobile
SES00021,USER0006,2024-06-22 16:58:54,2024-06-22 17:33:54,Organic Search,/pricing,mobile
SES00022,USER0006,2024-06-14 17:38:02,2024-06-14 17:45:02,Organic Search,/blog,mobile
SES00023,USER0006,2024-06-21 13:59:48,2024-06-21 14:05:48,Organic Search,/home,mobile
SES00024,USER0006,2024-06-11 22:22:56,2024-06-11 22:28:56,Organic Search,/pricing,mobile
SES00025,USER0006,2024-07-06 18:06:56,2024-07-06 18:16:56,Organic Search,/features,mobile
SES00026,USER0007,2024-03-16 15:35:45,2024-03-16 16:04:45,Organic Search,/demo,desktop
SES00027,USER0007,2024-03-11 16:09:27,2024-03-11 16:19:27,Organic Search,/home,desktop
SES00028,USER0008,2024-10-01 19:09:59,2024-10-01 19:26:59,Social Media,/pricing,tablet
SES00029,USER0008,2024-10-10 14:01:11,2024-10-10 14:24:11,Social Media,/blog,tablet
SES00030,USER0008,2024-09-20 10:50:44,2024-09-20 10:58:44,Social Media,/blog,tablet
SES00031,USER0008,2024-09-19 11:52:58,2024-09-19 12:23:58,Social Media,/features,tablet
SES00032,USER0009,2024-02-05 18:32:25,2024-02-05 19:08:25,Social Media,/features,desktop
SES00033,USER0009,2024-02-24 12:02:06,2024-02-24 12:42:06,Social Media,/blog,desktop
SES00034,USER0009,2024-02-06 22:36:12,2024-02-06 22:54:12,Social Media,/home,desktop
SES00035,USER0010,2025-11-24 13:25:44,2025-11-24 13:45:44,Direct,/demo,desktop
SES00036,USER0010,2025-11-23 16:53:00,2025-11-23 17:14:00,Direct,/features,desktop
SES00037,USER0010,2025-11-27 15:50:57,2025-11-27 16:02:57,Direct,/signup,desktop
SES00038,USER0010,2025-12-06 11:09:01,2025-12-06 11:13:01,Direct,/pricing,desktop
SES00039,USER0010,2025-12-03 19:24:31,2025-12-03 19:51:31,Direct,/pricing,desktop
SES00040,USER0010,2025-12-06 19:33:29,2025-12-06 19:38:29,Direct,/demo,desktop
SES00041,USER0011,2025-10-03 22:10:47,2025-10-03 22:42:47,Social Media,/blog,desktop
SES00042,USER0011,2025-10-13 20:33:31,2025-10-13 20:50:31,Social Media,/features,desktop
SES00043,USER0011,2025-09-27 13:20:57,2025-09-27 13:56:57,Social Media,/home,desktop
SES00044,USER0011,2025-10-11 10:45:13,2025-10-11 10:51:13,Social Media,/blog,desktop
SES00045,USER0011,2025-10-02 08:13:53,2025-10-02 08:41:53,Social Media,/blog,desktop
SES00046,USER0012,2025-12-30 19:47:34,2025-12-30 20:27:34,Organic Search,/pricing,desktop
SES00047,USER0012,2026-01-11 10:39:34,2026-01-11 10:42:34,Organic Search,/blog,desktop
SES00048,USER0012,2025-12-21 14:20:13,2025-12-21 14:51:13,Organic Search,/features,desktop
SES00049,USER0012,2025-12-28 08:47:34,2025-12-28 08:52:34,Organic Search,/features,desktop
SES00050,USER0013,2025-10-20 12:49:23,2025-10-20 13:01:23,Organic Search,/demo,desktop
SES00051,USER0013,2025-10-16 08:59:19,2025-10-16 09:37:19,Organic Search,/signup,desktop
SES00052,USER0013,2025-10-20 21:40:15,2025-10-20 21:48:15,Organic Search,/signup,desktop
SES00053,USER0013,2025-10-23 09:50:36,2025-10-23 09:54:36,Organic Search,/features,desktop
SES00054,USER0014,2025-06-07 10:27:11,2025-06-07 11:02:11,Organic Search,/signup,tablet
SES00055,USER0014,2025-05-30 14:52:46,2025-05-30 15:31:46,Organic Search,/features,tablet
SES00056,USER0014,2025-05-24 22:28:15,2025-05-24 22:59:15,Organic Search,/demo,tablet
SES00057,USER0014,2025-05-16 15:54:20,2025-05-16 16:07:20,Organic Search,/blog,tablet
SES00058,USER0015,2024-11-06 11:44:30,2024-11-06 12:17:30,Direct,/blog,tablet
SES00059,USER0015,2024-10-29 13:27:47,2024-10-29 14:04:47,Direct,/features,tablet
SES00060,USER0015,2024-10-19 19:30:17,2024-10-19 20:09:17,Direct,/demo,tablet
SES00061,USER0015,2024-10-13 19:34:08,2024-10-13 19:53:08,Direct,/home,tablet
SES00062,USER0015,2024-10-28 15:28:21,2024-10-28 15:41:21,Direct,/home,tablet
SES00063,USER0016,2024-11-19 15:58:28,2024-11-19 16:19:28,Organic Search,/demo,mobile
SES00064,USER0016,2024-11-15 18:05:10,2024-11-15 18:22:10,Organic Search,/pricing,mobile
SES00065,USER0016,2024-11-16 19:18:44,2024-11-16 19:49:44,Organic Search,/home,mobile
SES00066,USER0016,2024-11-10 16:14:41,2024-11-10 16:25:41,Organic Search,/features,mobile
SES00067,USER0016,2024-11-21 09:29:44,2024-11-21 09:50:44,Organic Search,/signup,mobile
SES00068,USER0017,2024-12-14 08:48:43,2024-12-14 09:07:43,Referral,/demo,mobile
SES00069,USER0017,2024-12-01 17:27:40,2024-12-01 18:00:40,Referral,/home,mobile
SES00070,USER0017,2024-12-09 19:31:18,2024-12-09 19:58:18,Referral,/demo,mobile
SES00071,USER0017,2024-12-23 16:52:00,2024-12-23 17:28:00,Referral,/blog,mobile
SES00072,USER0017,2024-12-20 08:13:17,2024-12-20 08:50:17,Referral,/pricing,mobile
SES00073,USER0018,2025-09-29 09:41:53,2025-09-29 09:52:53,Social Media,/blog,desktop
SES00074,USER0019,2025-08-11 20:54:26,2025-08-11 21:17:26,Organic Search,/demo,tablet
SES00075,USER0019,2025-08-14 10:28:34,2025-08-14 11:00:34,Organic Search,/features,tablet
SES00076,USER0019,2025-08-09 11:36:24,2025-08-09 11:52:24,Organic Search,/blog,tablet
SES00077,USER0020,2024-05-12 16:58:29,2024-05-12 17:00:29,Referral,/signup,desktop
SES00078,USER0020,2024-05-24 20:16:21,2024-05-24 20:43:21,Referral,/signup,desktop
SES00079,USER0020,2024-05-21 13:40:45,2024-05-21 14:13:45,Referral,/demo,desktop
SES00080,USER0020,2024-05-29 18:58:18,2024-05-29 19:14:18,Referral,/signup,desktop
SES00081,USER0021,2025-04-15 14:36:43,2025-04-15 14:49:43,Organic Search,/pricing,mobile
SES00082,USER0021,2025-04-13 12:42:00,2025-04-13 13:13:00,Organic Search,/features,mobile
SES00083,USER0022,2024-04-19 17:55:43,2024-04-19 18:00:43,Organic Search,/demo,desktop
SES00084,USER0022,2024-05-09 11:39:16,2024-05-09 11:49:16,Organic Search,/signup,desktop
SES00085,USER0022,2024-04-21 22:18:20,2024-04-21 22:46:20,Organic Search,/pricing,desktop
SES00086,USER0023,2024-10-15 09:29:04,2024-10-15 09:40:04,Direct,/pricing,desktop
SES00087,USER0023,2024-10-20 21:51:35,2024-10-20 22:16:35,Direct,/home,desktop
SES00088,USER0023,2024-09-28 16:07:29,2024-09-28 16:32:29,Direct,/signup,desktop
SES00089,USER0024,2025-02-23 17:14:41,2025-02-23 17:20:41,Social Media,/signup,mobile
SES00090,USER0024,2025-01-29 08:02:19,2025-01-29 08:35:19,Social Media,/home,mobile
SES00091,USER0024,2025-02-07 17:47:46,2025-02-07 17:58:46,Social Media,/blog,mobile
SES00092,USER0025,2024-09-28 21:52:29,2024-09-28 21:59:29,Direct,/signup,tablet
SES00093,USER0026,2024-08-09 12:54:09,2024-08-09 13:04:09,Social Media,/demo,desktop
SES00094,USER0026,2024-08-30 21:01:08,2024-08-30 21:03:08,Social Media,/features,desktop
SES00095,USER0026,2024-08-27 13:01:11,2024-08-27 13:19:11,Social Media,/home,desktop
SES00096,USER0026,2024-08-12 19:04:30,2024-08-12 19:34:30,Social Media,/features,desktop
SES00097,USER0026,2024-08-25 11:39:02,2024-08-25 12:14:02,Social Media,/features,desktop
SES00098,USER0027,2025-05-07 10:17:39,2025-05-07 10:56:39,Direct,/demo,tablet
SES00099,USER0027,2025-05-28 21:13:27,2025-05-28 21:43:27,Direct,/pricing,tablet
SES00100,USER0028,2024-04-14 08:37:35,2024-04-14 09:14:35,Organic Search,/features,tablet
SES00101,USER0028,2024-04-24 18:48:27,2024-04-24 18:53:27,Organic Search,/features,tablet
SES00102,USER0029,2025-09-01 11:51:27,2025-09-01 12:28:27,Referral,/demo,tablet
SES00103,USER0029,2025-09-12 13:22:00,2025-09-12 13:35:00,Referral,/pricing,tablet
SES00104,USER0029,2025-08-28 13:10:23,2025-08-28 13:31:23,Referral,/signup,tablet
SES00105,USER0030,2025-04-01 12:43:43,2025-04-01 13:22:43,Social Media,/blog,tablet
SES00106,USER0030,2025-04-22 10:48:16,2025-04-22 11:08:16,Social Media,/features,tablet
SES00107,USER0030,2025-04-10 21:47:02,2025-04-10 22:16:02,Social Media,/home,tablet
SES00108,USER0030,2025-04-28 13:10:51,2025-04-28 13:41:51,Social Media,/signup,tablet
SES00109,USER0031,2024-08-25 19:52:41,2024-08-25 20:03:41,Paid Ads,/pricing,mobile
SES00110,USER0031,2024-09-07 17:48:37,2024-09-07 18:18:37,Paid Ads,/signup,mobile
SES00111,USER0031,2024-08-28 09:30:28,2024-08-28 09:51:28,Paid Ads,/features,mobile
SES00112,USER0032,2024-04-16 08:28:58,2024-04-16 09:06:58,Social Media,/signup,tablet
SES00113,USER0032,2024-04-04 18:11:02,2024-04-04 18:28:02,Social Media,/signup,tablet
SES00114,USER0032,2024-04-01 20:21:43,2024-04-01 21:01:43,Social Media,/home,tablet
SES00115,USER0032,2024-03-27 19:54:42,2024-03-27 20:34:42,Social Media,/pricing,tablet
SES00116,USER0032,2024-04-10 09:19:35,2024-04-10 09:45:35,Social Media,/signup,tablet
SES00117,USER0032,2024-03-30 08:23:19,2024-03-30 08:36:19,Social Media,/pricing,tablet
SES00118,USER0033,2025-08-01 19:49:39,2025-08-01 20:01:39,Social Media,/signup,mobile
SES00119,USER0033,2025-07-13 12:51:50,2025-07-13 13:23:50,Social Media,/pricing,mobile
SES00120,USER0034,2024-08-21 09:45:54,2024-08-21 10:20:54,Social Media,/home,desktop
SES00121,USER0034,2024-08-18 14:05:58,2024-08-18 14:21:58,Social Media,/blog,desktop
SES00122,USER0034,2024-07-24 14:32:23,2024-07-24 14:49:23,Social Media,/blog,desktop
SES00123,USER0034,2024-08-18 19:41:21,2024-08-18 19:52:21,Social Media,/pricing,desktop
SES00124,USER0034,2024-08-16 19:30:28,2024-08-16 19:32:28,Social Media,/home,desktop
SES00125,USER0035,2024-04-26 21:57:31,2024-04-26 22:37:31,Social Media,/demo,desktop
SES00126,USER0036,2024-10-03 16:34:32,2024-10-03 17:08:32,Referral,/demo,tablet
SES00127,USER0037,2024-09-20 08:22:34,2024-09-20 08:45:34,Social Media,/signup,mobile
SES00128,USER0037,2024-09-17 12:12:02,2024-09-17 12:26:02,Social Media,/home,mobile
SES00129,USER0037,2024-09-25 13:55:49,2024-09-25 14:00:49,Social Media,/signup,mobile
SES00130,USER0038,2025-12-22 09:27:38,2025-12-22 09:40:38,Paid Ads,/demo,desktop
SES00131,USER0038,2025-12-19 18:18:19,2025-12-19 18:48:19,Paid Ads,/demo,desktop
SES00132,USER0038,2025-12-20 15:02:46,2025-12-20 15:26:46,Paid Ads,/demo,desktop
SES00133,USER0038,2025-12-29 20:03:04,2025-12-29 20:30:04,Paid Ads,/features,desktop
SES00134,USER0038,2025-12-13 21:38:43,2025-12-13 22:08:43,Paid Ads,/home,desktop
SES00135,USER0038,2025-12-20 14:36:02,2025-12-20 15:16:02,Paid Ads,/pricing,desktop
SES00136,USER0039,2025-03-30 19:11:31,2025-03-30 19:46:31,Social Media,/blog,mobile
SES00137,USER0040,2025-04-28 13:45:04,2025-04-28 14:22:04,Organic Search,/demo,mobile
SES00138,USER0040,2025-04-29 19:59:44,2025-04-29 20:12:44,Organic Search,/features,mobile
SES00139,USER0040,2025-05-02 10:15:50,2025-05-02 10:48:50,Organic Search,/home,mobile
SES00140,USER0041,2025-05-08 16:26:49,2025-05-08 16:54:49,Social Media,/demo,mobile
SES00141,USER0041,2025-05-04 10:56:53,2025-05-04 11:33:53,Social Media,/signup,mobile
SES00142,USER0041,2025-05-02 10:10:20,2025-05-02 10:26:20,Social Media,/features,mobile
SES00143,USER0041,2025-05-01 10:40:19,2025-05-01 11:16:19,Social Media,/home,mobile
SES00144,USER0041,2025-05-03 21:59:36,2025-05-03 22:03:36,Social Media,/home,mobile
SES00145,USER0041,2025-05-06 17:40:01,2025-05-06 18:13:01,Social Media,/signup,mobile
SES00146,USER0042,2024-03-25 21:22:25,2024-03-25 21:32:25,Organic Search,/features,desktop
SES00147,USER0042,2024-03-05 08:18:24,2024-03-05 08:46:24,Organic Search,/pricing,desktop
SES00148,USER0042,2024-03-25 13:12:48,2024-03-25 13:24:48,Organic Search,/blog,desktop
SES00149,USER0043,2025-06-22 15:18:34,2025-06-22 15:20:34,Paid Ads,/home,mobile
SES00150,USER0043,2025-06-13 08:36:35,2025-06-13 08:50:35,Paid Ads,/features,mobile
SES00151,USER0043,2025-06-05 09:25:23,2025-06-05 09:48:23,Paid Ads,/demo,mobile
SES00152,USER0043,2025-06-02 08:08:45,2025-06-02 08:31:45,Paid Ads,/blog,mobile
SES00153,USER0043,2025-06-06 14:39:47,2025-06-06 15:00:47,Paid Ads,/demo,mobile
SES00154,USER0043,2025-06-11 18:07:26,2025-06-11 18:46:26,Paid Ads,/features,mobile
SES00155,USER0044,2025-08-19 21:43:15,2025-08-19 21:47:15,Referral,/demo,tablet
SES00156,USER0044,2025-09-06 11:26:32,2025-09-06 11:58:32,Referral,/signup,tablet
SES00157,USER0044,2025-08-25 10:29:58,2025-08-25 11:05:58,Referral,/features,tablet
SES00158,USER0044,2025-09-14 11:17:35,2025-09-14 11:38:35,Referral,/pricing,tablet
SES00159,USER0045,2025-06-05 20:51:09,2025-06-05 21:11:09,Paid Ads,/home,desktop
SES00160,USER0045,2025-06-01 16:17:59,2025-06-01 16:54:59,Paid Ads,/signup,desktop
SES00161,USER0045,2025-05-26 11:03:06,2025-05-26 11:31:06,Paid Ads,/features,desktop
SES00162,USER0046,2025-11-17 17:14:34,2025-11-17 17:18:34,Organic Search,/pricing,desktop
SES00163,USER0047,2024-11-01 15:41:34,2024-11-01 16:16:34,Direct,/blog,desktop
SES00164,USER0047,2024-10-29 20:07:21,2024-10-29 20:19:21,Direct,/signup,desktop
SES00165,USER0047,2024-11-10 18:48:12,2024-11-10 19:01:12,Direct,/demo,desktop
SES00166,USER0048,2024-12-11 22:15:00,2024-12-11 22:33:00,Organic Search,/blog,mobile
SES00167,USER0048,2024-12-10 17:46:36,2024-12-10 17:48:36,Organic Search,/features,mobile
SES00168,USER0048,2024-12-22 09:29:19,2024-12-22 09:41:19,Organic Search,/blog,mobile
SES00169,USER0048,2024-12-21 22:18:23,2024-12-21 22:34:23,Organic Search,/pricing,mobile
SES00170,USER0049,2024-06-30 18:52:13,2024-06-30 19:09:13,Paid Ads,/signup,desktop
SES00171,USER0049,2024-06-21 15:33:45,2024-06-21 15:58:45,Paid Ads,/home,desktop
SES00172,USER0049,2024-06-23 16:09:10,2024-06-23 16:31:10,Paid Ads,/demo,desktop
SES00173,USER0049,2024-06-19 20:03:29,2024-06-19 20:13:29,Paid Ads,/demo,desktop
SES00174,USER0049,2024-06-17 12:52:00,2024-06-17 13:07:00,Paid Ads,/demo,desktop
SES00175,USER0050,2024-02-22 14:23:57,2024-02-22 14:49:57,Paid Ads,/blog,mobile
SES00176,USER0050,2024-02-14 09:43:42,2024-02-14 10:19:42,Paid Ads,/pricing,mobile
SES00177,USER0050,2024-02-07 16:25:33,2024-02-07 16:35:33,Paid Ads,/signup,mobile
SES00178,USER0050,2024-02-26 08:19:29,2024-02-26 08:55:29,Paid Ads,/blog,mobile
SES00179,USER0050,2024-02-16 13:09:17,2024-02-16 13:23:17,Paid Ads,/signup,mobile
SES00180,USER0050,2024-02-27 18:26:39,2024-02-27 18:29:39,Paid Ads,/pricing,mobile
SES00181,USER0051,2024-02-18 11:34:13,2024-02-18 11:39:13,Paid Ads,/pricing,mobile
SES00182,USER0051,2024-03-01 22:46:36,2024-03-01 23:08:36,Paid Ads,/demo,mobile
SES00183,USER0051,2024-02-13 22:09:42,2024-02-13 22:44:42,Paid Ads,/pricing,mobile
SES00184,USER0051,2024-02-21 17:56:47,2024-02-21 18:09:47,Paid Ads,/signup,mobile
SES00185,USER0052,2024-03-04 11:54:14,2024-03-04 12:15:14,Direct,/signup,tablet
SES00186,USER0052,2024-02-26 11:21:41,2024-02-26 11:28:41,Direct,/blog,tablet
SES00187,USER0052,2024-03-16 09:12:51,2024-03-16 09:51:51,Direct,/signup,tablet
SES00188,USER0052,2024-03-12 20:30:58,2024-03-12 20:47:58,Direct,/signup,tablet
SES00189,USER0052,2024-02-27 12:23:32,2024-02-27 12:56:32,Direct,/blog,tablet
SES00190,USER0053,2024-08-24 11:24:36,2024-08-24 11:41:36,Social Media,/blog,desktop
SES00191,USER0053,2024-08-19 19:50:22,2024-08-19 20:02:22,Social Media,/pricing,desktop
SES00192,USER0054,2025-11-05 15:42:31,2025-11-05 15:45:31,Organic Search,/home,mobile
SES00193,USER0054,2025-11-02 19:43:27,2025-11-02 19:56:27,Organic Search,/home,mobile
SES00194,USER0054,2025-10-15 20:25:05,2025-10-15 20:50:05,Organic Search,/blog,mobile
SES00195,USER0054,2025-10-19 14:35:30,2025-10-19 14:40:30,Organic Search,/signup,mobile
SES00196,USER0054,2025-11-05 08:14:13,2025-11-05 08:52:13,Organic Search,/blog,mobile
SES00197,USER0055,2024-02-07 20:52:45,2024-02-07 21:19:45,Organic Search,/home,mobile
SES00198,USER0055,2024-02-21 21:54:24,2024-02-21 22:30:24,Organic Search,/features,mobile
SES00199,USER0055,2024-02-19 19:22:03,2024-02-19 19:30:03,Organic Search,/blog,mobile
SES00200,USER0055,2024-02-22 20:39:38,2024-02-22 21:06:38,Organic Search,/features,mobile
SES00201,USER0055,2024-02-18 11:22:35,2024-02-18 11:48:35,Organic Search,/blog,mobile
SES00202,USER0056,2024-04-01 19:24:20,2024-04-01 19:49:20,Social Media,/home,mobile
SES00203,USER0056,2024-03-30 10:27:28,2024-03-30 11:04:28,Social Media,/demo,mobile
SES00204,USER0056,2024-04-24 14:00:18,2024-04-24 14:28:18,Social Media,/blog,mobile
SES00205,USER0056,2024-04-18 14:10:08,2024-04-18 14:29:08,Social Media,/features,mobile
SES00206,USER0056,2024-04-08 12:15:46,2024-04-08 12:48:46,Social Media,/demo,mobile
SES00207,USER0056,2024-04-22 21:21:28,2024-04-22 21:44:28,Social Media,/blog,mobile
SES00208,USER0057,2024-12-17 19:40:31,2024-12-17 20:18:31,Referral,/pricing,desktop
SES00209,USER0057,2024-11-30 17:34:11,2024-11-30 18:11:11,Referral,/home,desktop
SES00210,USER0057,2024-12-20 19:04:52,2024-12-20 19:32:52,Referral,/signup,desktop
SES00211,USER0058,2024-04-02 08:50:23,2024-04-02 09:26:23,Paid Ads,/demo,desktop
SES00212,USER0058,2024-04-05 18:41:25,2024-04-05 19:04:25,Paid Ads,/blog,desktop
SES00213,USER0058,2024-03-30 13:25:29,2024-03-30 14:04:29,Paid Ads,/signup,desktop
SES00214,USER0058,2024-04-11 19:09:22,2024-04-11 19:30:22,Paid Ads,/features,desktop
SES00215,USER0059,2024-11-06 18:51:10,2024-11-06 19:08:10,Organic Search,/demo,mobile
SES00216,USER0059,2024-11-20 14:29:14,2024-11-20 14:56:14,Organic Search,/signup,mobile
SES00217,USER0059,2024-11-03 19:39:56,2024-11-03 19:53:56,Organic Search,/blog,mobile
SES00218,USER0059,2024-11-25 11:13:17,2024-11-25 11:19:17,Organic Search,/demo,mobile
SES00219,USER0059,2024-11-14 13:12:29,2024-11-14 13:21:29,Organic Search,/features,mobile
SES00220,USER0059,2024-12-03 18:20:38,2024-12-03 18:46:38,Organic Search,/demo,mobile
SES00221,USER0060,2025-01-20 12:58:39,2025-01-20 13:37:39,Direct,/home,mobile
SES00222,USER0060,2025-01-02 12:07:11,2025-01-02 12:32:11,Direct,/signup,mobile
SES00223,USER0060,2025-01-14 10:36:24,2025-01-14 11:05:24,Direct,/pricing,mobile
SES00224,USER0060,2025-01-12 10:31:18,2025-01-12 10:41:18,Direct,/pricing,mobile
SES00225,USER0060,2024-12-27 21:22:00,2024-12-27 21:55:00,Direct,/pricing,mobile
SES00226,USER0060,2025-01-11 18:31:26,2025-01-11 19:04:26,Direct,/blog,mobile
SES00227,USER0061,2024-07-08 19:49:49,2024-07-08 20:22:49,Organic Search,/demo,mobile
SES00228,USER0061,2024-07-03 09:47:53,2024-07-03 10:04:53,Organic Search,/features,mobile
SES00229,USER0061,2024-06-26 20:47:37,2024-06-26 21:11:37,Organic Search,/signup,mobile
SES00230,USER0061,2024-06-28 17:34:10,2024-06-28 17:56:10,Organic Search,/signup,mobile
SES00231,USER0062,2024-05-27 15:09:36,2024-05-27 15:28:36,Organic Search,/signup,mobile
SES00232,USER0062,2024-06-04 20:56:49,2024-06-04 21:03:49,Organic Search,/blog,mobile
SES00233,USER0062,2024-05-29 15:20:37,2024-05-29 15:22:37,Organic Search,/signup,mobile
SES00234,USER0062,2024-06-11 09:50:34,2024-06-11 10:17:34,Organic Search,/pricing,mobile
SES00235,USER0062,2024-05-30 12:20:53,2024-05-30 12:40:53,Organic Search,/features,mobile
SES00236,USER0062,2024-06-11 15:50:21,2024-06-11 15:55:21,Organic Search,/home,mobile
SES00237,USER0063,2024-05-16 10:55:59,2024-05-16 11:14:59,Direct,/home,desktop
SES00238,USER0063,2024-05-20 18:05:45,2024-05-20 18:13:45,Direct,/home,desktop
SES00239,USER0063,2024-06-02 09:55:27,2024-06-02 10:05:27,Direct,/blog,desktop
SES00240,USER0063,2024-05-11 14:49:52,2024-05-11 14:59:52,Direct,/signup,desktop
SES00241,USER0063,2024-05-18 19:13:40,2024-05-18 19:24:40,Direct,/blog,desktop
SES00242,USER0063,2024-05-18 14:20:50,2024-05-18 14:30:50,Direct,/pricing,desktop
SES00243,USER0064,2025-06-29 14:07:15,2025-06-29 14:40:15,Referral,/signup,tablet
SES00244,USER0064,2025-07-11 21:36:26,2025-07-11 22:01:26,Referral,/demo,tablet
SES00245,USER0065,2024-10-07 09:40:34,2024-10-07 10:16:34,Organic Search,/demo,desktop
SES00246,USER0065,2024-10-15 20:53:41,2024-10-15 20:59:41,Organic Search,/features,desktop
SES00247,USER0065,2024-10-14 08:19:42,2024-10-14 08:32:42,Organic Search,/home,desktop
SES00248,USER0065,2024-09-29 19:49:55,2024-09-29 20:08:55,Organic Search,/signup,desktop
SES00249,USER0065,2024-10-17 17:40:04,2024-10-17 18:13:04,Organic Search,/blog,desktop
SES00250,USER0065,2024-10-02 19:32:00,2024-10-02 19:36:00,Organic Search,/home,desktop
SES00251,USER0066,2024-04-19 14:04:56,2024-04-19 14:35:56,Referral,/features,tablet
SES00252,USER0067,2025-08-23 22:34:48,2025-08-23 22:51:48,Social Media,/pricing,mobile
SES00253,USER0067,2025-08-30 13:00:48,2025-08-30 13:26:48,Social Media,/signup,mobile
SES00254,USER0068,2024-06-07 19:57:23,2024-06-07 20:28:23,Social Media,/signup,mobile
SES00255,USER0068,2024-05-29 18:52:25,2024-05-29 18:58:25,Social Media,/demo,mobile
SES00256,USER0068,2024-06-01 12:16:54,2024-06-01 12:38:54,Social Media,/blog,mobile
SES00257,USER0068,2024-06-08 12:14:04,2024-06-08 12:28:04,Social Media,/pricing,mobile
SES00258,USER0068,2024-05-28 10:06:10,2024-05-28 10:36:10,Social Media,/blog,mobile
SES00259,USER0069,2025-01-06 20:43:19,2025-01-06 21:23:19,Direct,/home,desktop
SES00260,USER0070,2024-10-08 15:35:47,2024-10-08 16:12:47,Direct,/pricing,tablet
SES00261,USER0070,2024-10-02 18:41:05,2024-10-02 19:20:05,Direct,/demo,tablet
SES00262,USER0070,2024-10-11 15:03:10,2024-10-11 15:41:10,Direct,/blog,tablet
SES00263,USER0070,2024-09-19 15:56:09,2024-09-19 16:00:09,Direct,/demo,tablet
SES00264,USER0071,2025-07-03 15:34:50,2025-07-03 16:07:50,Organic Search,/features,mobile
SES00265,USER0071,2025-07-02 14:17:11,2025-07-02 14:20:11,Organic Search,/features,mobile
SES00266,USER0071,2025-06-23 20:30:33,2025-06-23 20:54:33,Organic Search,/demo,mobile
SES00267,USER0071,2025-06-25 11:42:15,2025-06-25 12:01:15,Organic Search,/demo,mobile
SES00268,USER0071,2025-07-16 11:36:54,2025-07-16 12:02:54,Organic Search,/features,mobile
SES00269,USER0071,2025-06-27 11:37:20,2025-06-27 12:01:20,Organic Search,/demo,mobile
SES00270,USER0072,2025-08-07 08:33:30,2025-08-07 08:35:30,Organic Search,/features,desktop
SES00271,USER0072,2025-08-22 22:09:49,2025-08-22 22:18:49,Organic Search,/demo,desktop
SES00272,USER0072,2025-08-03 13:19:20,2025-08-03 13:29:20,Organic Search,/pricing,desktop
SES00273,USER0072,2025-08-21 17:52:11,2025-08-21 18:18:11,Organic Search,/features,desktop
SES00274,USER0072,2025-08-10 22:51:39,2025-08-10 23:07:39,Organic Search,/signup,desktop
SES00275,USER0073,2025-12-10 08:03:24,2025-12-10 08:33:24,Referral,/signup,desktop
SES00276,USER0074,2024-09-15 14:10:46,2024-09-15 14:16:46,Organic Search,/demo,mobile
SES00277,USER0074,2024-08-31 18:10:38,2024-08-31 18:39:38,Organic Search,/pricing,mobile
SES00278,USER0075,2025-08-27 15:12:06,2025-08-27 15:15:06,Referral,/pricing,mobile
SES00279,USER0075,2025-09-05 18:16:05,2025-09-05 18:52:05,Referral,/blog,mobile
SES00280,USER0075,2025-08-22 15:16:14,2025-08-22 15:35:14,Referral,/demo,mobile
SES00281,USER0075,2025-08-15 16:03:53,2025-08-15 16:29:53,Referral,/demo,mobile
SES00282,USER0075,2025-08-17 09:25:57,2025-08-17 09:29:57,Referral,/demo,mobile
SES00283,USER0075,2025-09-07 10:13:51,2025-09-07 10:27:51,Referral,/pricing,mobile
SES00284,USER0076,2024-03-28 17:33:50,2024-03-28 18:01:50,Organic Search,/home,desktop
SES00285,USER0076,2024-04-05 16:56:22,2024-04-05 17:24:22,Organic Search,/features,desktop
SES00286,USER0076,2024-03-28 17:43:44,2024-03-28 18:10:44,Organic Search,/home,desktop
SES00287,USER0076,2024-04-06 13:01:21,2024-04-06 13:22:21,Organic Search,/features,desktop
SES00288,USER0076,2024-04-02 21:20:17,2024-04-02 21:48:17,Organic Search,/demo,desktop
SES00289,USER0076,2024-03-25 20:10:04,2024-03-25 20:31:04,Organic Search,/signup,desktop
SES00290,USER0077,2024-03-06 12:23:52,2024-03-06 12:54:52,Organic Search,/demo,mobile
SES00291,USER0077,2024-03-07 13:31:38,2024-03-07 14:01:38,Organic Search,/pricing,mobile
SES00292,USER0077,2024-03-18 16:22:22,2024-03-18 16:34:22,Organic Search,/features,mobile
SES00293,USER0077,2024-02-29 14:03:10,2024-02-29 14:41:10,Organic Search,/pricing,mobile
SES00294,USER0077,2024-03-21 11:17:41,2024-03-21 11:45:41,Organic Search,/demo,mobile
SES00295,USER0077,2024-03-29 10:41:11,2024-03-29 11:21:11,Organic Search,/home,mobile
SES00296,USER0078,2026-01-13 12:13:29,2026-01-13 12:34:29,Direct,/signup,desktop
SES00297,USER0078,2026-01-17 09:00:32,2026-01-17 09:25:32,Direct,/demo,desktop
SES00298,USER0078,2026-01-08 18:06:30,2026-01-08 18:12:30,Direct,/features,desktop
SES00299,USER0079,2024-10-22 18:20:43,2024-10-22 18:30:43,Organic Search,/signup,mobile
SES00300,USER0079,2024-10-22 19:02:37,2024-10-22 19:40:37,Organic Search,/pricing,mobile
SES00301,USER0079,2024-10-19 21:10:53,2024-10-19 21:47:53,Organic Search,/pricing,mobile
SES00302,USER0079,2024-10-30 09:14:22,2024-10-30 09:30:22,Organic Search,/signup,mobile
SES00303,USER0079,2024-10-28 12:29:54,2024-10-28 12:38:54,Organic Search,/blog,mobile
SES00304,USER0080,2025-05-31 11:21:26,2025-05-31 11:59:26,Organic Search,/blog,tablet
SES00305,USER0080,2025-06-11 13:40:11,2025-06-11 14:02:11,Organic Search,/signup,tablet
SES00306,USER0081,2024-03-31 08:34:12,2024-03-31 08:59:12,Organic Search,/home,tablet
SES00307,USER0081,2024-04-21 08:40:46,2024-04-21 08:57:46,Organic Search,/pricing,tablet
SES00308,USER0081,2024-04-18 12:10:04,2024-04-18 12:14:04,Organic Search,/features,tablet
SES00309,USER0081,2024-04-10 14:56:43,2024-04-10 15:06:43,Organic Search,/features,tablet
SES00310,USER0082,2024-09-06 10:07:23,2024-09-06 10:11:23,Organic Search,/blog,mobile
SES00311,USER0082,2024-09-14 16:39:03,2024-09-14 17:19:03,Organic Search,/home,mobile
SES00312,USER0082,2024-09-12 09:26:28,2024-09-12 09:52:28,Organic Search,/home,mobile
SES00313,USER0082,2024-08-27 19:43:40,2024-08-27 19:45:40,Organic Search,/features,mobile
SES00314,USER0082,2024-08-29 17:38:44,2024-08-29 17:48:44,Organic Search,/blog,mobile
SES00315,USER0083,2025-07-03 16:12:22,2025-07-03 16:40:22,Social Media,/features,desktop
SES00316,USER0083,2025-06-28 09:58:07,2025-06-28 10:36:07,Social Media,/signup,desktop
SES00317,USER0083,2025-06-16 12:29:03,2025-06-16 12:37:03,Social Media,/pricing,desktop
SES00318,USER0084,2025-11-18 22:46:05,2025-11-18 23:11:05,Social Media,/features,desktop
SES00319,USER0084,2025-12-10 15:17:53,2025-12-10 15:43:53,Social Media,/signup,desktop
SES00320,USER0084,2025-11-30 22:51:10,2025-11-30 23:00:10,Social Media,/pricing,desktop
SES00321,USER0084,2025-11-13 14:58:37,2025-11-13 15:30:37,Social Media,/demo,desktop
SES00322,USER0084,2025-11-22 20:22:39,2025-11-22 20:25:39,Social Media,/signup,desktop
SES00323,USER0085,2025-05-25 20:47:36,2025-05-25 21:25:36,Direct,/pricing,desktop
SES00324,USER0085,2025-05-20 18:43:41,2025-05-20 19:09:41,Direct,/pricing,desktop
SES00325,USER0085,2025-06-05 10:04:48,2025-06-05 10:37:48,Direct,/features,desktop
SES00326,USER0085,2025-05-23 15:51:36,2025-05-23 16:21:36,Direct,/home,desktop
SES00327,USER0085,2025-05-26 16:00:52,2025-05-26 16:07:52,Direct,/demo,desktop
SES00328,USER0085,2025-06-04 11:54:29,2025-06-04 12:17:29,Direct,/demo,desktop
SES00329,USER0086,2024-11-07 09:16:39,2024-11-07 09:30:39,Referral,/pricing,tablet
SES00330,USER0086,2024-11-18 14:02:59,2024-11-18 14:41:59,Referral,/home,tablet
SES00331,USER0086,2024-11-10 19:03:35,2024-11-10 19:32:35,Referral,/demo,tablet
SES00332,USER0086,2024-10-28 14:42:38,2024-10-28 15:22:38,Referral,/features,tablet
SES00333,USER0086,2024-11-03 15:51:08,2024-11-03 16:01:08,Referral,/blog,tablet
SES00334,USER0086,2024-11-14 11:12:13,2024-11-14 11:32:13,Referral,/signup,tablet
SES00335,USER0087,2024-05-07 22:54:27,2024-05-07 22:56:27,Social Media,/demo,desktop
SES00336,USER0087,2024-05-19 12:09:53,2024-05-19 12:14:53,Social Media,/signup,desktop
SES00337,USER0087,2024-05-25 18:47:35,2024-05-25 19:03:35,Social Media,/signup,desktop
SES00338,USER0087,2024-05-28 20:43:20,2024-05-28 21:20:20,Social Media,/home,desktop
SES00339,USER0087,2024-05-21 17:12:49,2024-05-21 17:26:49,Social Media,/features,desktop
SES00340,USER0088,2024-02-21 15:45:59,2024-02-21 15:56:59,Paid Ads,/home,desktop
SES00341,USER0089,2025-08-03 16:25:05,2025-08-03 16:49:05,Paid Ads,/pricing,tablet
SES00342,USER0089,2025-08-01 16:52:48,2025-08-01 16:54:48,Paid Ads,/home,tablet
SES00343,USER0089,2025-08-07 22:20:24,2025-08-07 22:29:24,Paid Ads,/blog,tablet
SES00344,USER0089,2025-08-01 08:18:57,2025-08-01 08:32:57,Paid Ads,/features,tablet
SES00345,USER0090,2024-04-01 14:41:52,2024-04-01 14:47:52,Organic Search,/signup,tablet
SES00346,USER0090,2024-04-02 12:35:04,2024-04-02 13:13:04,Organic Search,/pricing,tablet
SES00347,USER0090,2024-03-20 18:07:34,2024-03-20 18:09:34,Organic Search,/signup,tablet
SES00348,USER0090,2024-03-17 20:43:19,2024-03-17 21:23:19,Organic Search,/home,tablet
SES00349,USER0090,2024-03-25 11:08:47,2024-03-25 11:35:47,Organic Search,/demo,tablet
SES00350,USER0090,2024-03-11 08:00:36,2024-03-11 08:40:36,Organic Search,/blog,tablet
SES00351,USER0091,2025-07-05 08:54:48,2025-07-05 09:31:48,Organic Search,/blog,mobile
SES00352,USER0091,2025-07-08 13:22:08,2025-07-08 13:39:08,Organic Search,/home,mobile
SES00353,USER0091,2025-06-30 17:09:36,2025-06-30 17:47:36,Organic Search,/features,mobile
SES00354,USER0091,2025-07-03 11:45:47,2025-07-03 12:14:47,Organic Search,/features,mobile
SES00355,USER0091,2025-07-02 12:31:35,2025-07-02 12:39:35,Organic Search,/pricing,mobile
SES00356,USER0092,2024-04-04 12:34:57,2024-04-04 13:10:57,Direct,/blog,tablet
SES00357,USER0093,2024-04-07 10:36:36,2024-04-07 10:47:36,Paid Ads,/signup,mobile
SES00358,USER0093,2024-04-10 13:14:02,2024-04-10 13:29:02,Paid Ads,/demo,mobile
SES00359,USER0093,2024-04-05 19:33:40,2024-04-05 19:52:40,Paid Ads,/signup,mobile
SES00360,USER0093,2024-04-10 14:58:14,2024-04-10 15:33:14,Paid Ads,/blog,mobile
SES00361,USER0094,2024-06-13 21:07:42,2024-06-13 21:23:42,Paid Ads,/blog,mobile
SES00362,USER0094,2024-05-29 08:08:36,2024-05-29 08:47:36,Paid Ads,/pricing,mobile
SES00363,USER0094,2024-06-10 17:40:01,2024-06-10 18:00:01,Paid Ads,/home,mobile
SES00364,USER0094,2024-06-10 18:32:16,2024-06-10 18:44:16,Paid Ads,/signup,mobile
SES00365,USER0094,2024-05-22 11:33:55,2024-05-22 12:07:55,Paid Ads,/signup,mobile
SES00366,USER0095,2025-09-22 11:51:30,2025-09-22 12:17:30,Referral,/features,tablet
SES00367,USER0095,2025-10-08 21:05:18,2025-10-08 21:45:18,Referral,/demo,tablet
SES00368,USER0095,2025-09-21 18:13:44,2025-09-21 18:35:44,Referral,/blog,tablet
SES00369,USER0095,2025-09-30 14:48:13,2025-09-30 15:16:13,Referral,/demo,tablet
SES00370,USER0095,2025-10-02 10:54:55,2025-10-02 11:03:55,Referral,/signup,tablet
SES00371,USER0096,2024-07-12 17:27:05,2024-07-12 17:33:05,Paid Ads,/features,mobile
SES00372,USER0096,2024-06-14 19:24:59,2024-06-14 19:51:59,Paid Ads,/demo,mobile
SES00373,USER0096,2024-06-14 20:52:11,2024-06-14 21:25:11,Paid Ads,/blog,mobile
SES00374,USER0096,2024-06-19 08:50:38,2024-06-19 09:24:38,Paid Ads,/demo,mobile
SES00375,USER0097,2025-12-12 14:25:37,2025-12-12 14:39:37,Organic Search,/demo,tablet
SES00376,USER0097,2025-12-02 13:52:17,2025-12-02 14:08:17,Organic Search,/demo,tablet
SES00377,USER0097,2025-12-07 09:35:04,2025-12-07 10:09:04,Organic Search,/features,tablet
SES00378,USER0098,2025-08-20 15:57:37,2025-08-20 16:00:37,Paid Ads,/blog,desktop
SES00379,USER0098,2025-08-19 20:14:43,2025-08-19 20:30:43,Paid Ads,/features,desktop
SES00380,USER0098,2025-08-16 08:44:53,2025-08-16 09:02:53,Paid Ads,/pricing,desktop
SES00381,USER0098,2025-08-01 16:59:11,2025-08-01 17:31:11,Paid Ads,/features,desktop
SES00382,USER0099,2024-07-29 11:55:16,2024-07-29 12:10:16,Direct,/pricing,desktop
SES00383,USER0099,2024-07-17 10:49:06,2024-07-17 10:58:06,Direct,/home,desktop
SES00384,USER0100,2024-01-26 13:31:57,2024-01-26 14:09:57,Social Media,/features,mobile
SES00385,USER0100,2024-01-19 11:48:36,2024-01-19 11:58:36,Social Media,/home,mobile
SES00386,USER0100,2024-02-06 16:02:32,2024-02-06 16:26:32,Social Media,/blog,mobile
SES00387,USER0101,2025-04-23 13:39:55,2025-04-23 13:57:55,Direct,/pricing,desktop
SES00388,USER0102,2025-03-11 11:35:27,2025-03-11 12:01:27,Organic Search,/pricing,tablet
SES00389,USER0102,2025-02-18 22:54:40,2025-02-18 23:29:40,Organic Search,/demo,tablet
SES00390,USER0102,2025-02-20 21:16:30,2025-02-20 21:24:30,Organic Search,/blog,tablet
SES00391,USER0103,2025-08-23 13:43:32,2025-08-23 14:16:32,Social Media,/signup,mobile
SES00392,USER0103,2025-08-31 12:29:40,2025-08-31 12:40:40,Social Media,/pricing,mobile
SES00393,USER0103,2025-09-01 17:36:25,2025-09-01 17:42:25,Social Media,/home,mobile
SES00394,USER0104,2024-12-13 17:33:28,2024-12-13 18:01:28,Social Media,/pricing,tablet
SES00395,USER0104,2024-11-25 14:06:06,2024-11-25 14:12:06,Social Media,/blog,tablet
SES00396,USER0104,2024-11-28 17:09:05,2024-11-28 17:35:05,Social Media,/features,tablet
SES00397,USER0105,2024-02-26 16:59:17,2024-02-26 17:36:17,Organic Search,/blog,desktop
SES00398,USER0105,2024-02-17 17:29:40,2024-02-17 18:07:40,Organic Search,/blog,desktop
SES00399,USER0105,2024-02-28 13:30:34,2024-02-28 13:46:34,Organic Search,/home,desktop
SES00400,USER0105,2024-02-07 10:19:00,2024-02-07 10:21:00,Organic Search,/demo,desktop
SES00401,USER0106,2024-12-27 08:49:27,2024-12-27 09:09:27,Paid Ads,/demo,mobile
SES00402,USER0106,2024-12-31 14:15:10,2024-12-31 14:41:10,Paid Ads,/blog,mobile
SES00403,USER0106,2024-12-27 18:47:34,2024-12-27 19:06:34,Paid Ads,/blog,mobile
SES00404,USER0106,2025-01-06 15:17:44,2025-01-06 15:50:44,Paid Ads,/pricing,mobile
SES00405,USER0107,2024-10-11 20:51:31,2024-10-11 21:16:31,Organic Search,/blog,tablet
SES00406,USER0107,2024-10-19 15:11:12,2024-10-19 15:29:12,Organic Search,/blog,tablet
SES00407,USER0107,2024-10-25 20:06:33,2024-10-25 20:21:33,Organic Search,/blog,tablet
SES00408,USER0107,2024-10-05 12:30:40,2024-10-05 12:51:40,Organic Search,/pricing,tablet
SES00409,USER0108,2024-09-27 17:09:23,2024-09-27 17:16:23,Organic Search,/pricing,tablet
SES00410,USER0108,2024-09-15 22:48:40,2024-09-15 22:53:40,Organic Search,/home,tablet
SES00411,USER0108,2024-09-30 09:08:31,2024-09-30 09:24:31,Organic Search,/features,tablet
SES00412,USER0108,2024-09-30 22:28:46,2024-09-30 22:42:46,Organic Search,/home,tablet
SES00413,USER0109,2024-09-30 13:20:46,2024-09-30 13:51:46,Direct,/features,tablet
SES00414,USER0109,2024-10-09 12:34:23,2024-10-09 13:05:23,Direct,/home,tablet
SES00415,USER0110,2025-07-15 09:06:33,2025-07-15 09:12:33,Social Media,/home,tablet
SES00416,USER0110,2025-07-23 18:53:24,2025-07-23 19:26:24,Social Media,/demo,tablet
SES00417,USER0110,2025-07-30 18:03:23,2025-07-30 18:40:23,Social Media,/signup,tablet
SES00418,USER0110,2025-07-31 12:04:13,2025-07-31 12:39:13,Social Media,/home,tablet
SES00419,USER0110,2025-07-28 09:49:40,2025-07-28 10:27:40,Social Media,/features,tablet
SES00420,USER0110,2025-07-22 17:28:59,2025-07-22 17:52:59,Social Media,/features,tablet
SES00421,USER0111,2025-02-18 14:00:46,2025-02-18 14:04:46,Social Media,/features,desktop
SES00422,USER0111,2025-02-16 12:00:19,2025-02-16 12:16:19,Social Media,/pricing,desktop
SES00423,USER0111,2025-02-12 21:44:52,2025-02-12 22:03:52,Social Media,/demo,desktop
SES00424,USER0111,2025-01-23 09:02:29,2025-01-23 09:26:29,Social Media,/pricing,desktop
SES00425,USER0112,2024-09-14 19:20:50,2024-09-14 19:52:50,Organic Search,/pricing,mobile
SES00426,USER0112,2024-10-01 18:19:02,2024-10-01 18:57:02,Organic Search,/blog,mobile
SES00427,USER0112,2024-10-11 21:07:55,2024-10-11 21:23:55,Organic Search,/signup,mobile
SES00428,USER0112,2024-09-28 08:20:34,2024-09-28 08:58:34,Organic Search,/pricing,mobile
SES00429,USER0112,2024-10-06 17:36:32,2024-10-06 17:43:32,Organic Search,/pricing,mobile
SES00430,USER0112,2024-09-27 17:47:03,2024-09-27 18:24:03,Organic Search,/blog,mobile
SES00431,USER0113,2024-07-31 18:59:36,2024-07-31 19:06:36,Paid Ads,/home,mobile
SES00432,USER0113,2024-08-16 20:28:39,2024-08-16 20:39:39,Paid Ads,/blog,mobile
SES00433,USER0113,2024-08-17 21:52:18,2024-08-17 21:54:18,Paid Ads,/features,mobile
SES00434,USER0113,2024-08-14 12:35:30,2024-08-14 12:46:30,Paid Ads,/signup,mobile
SES00435,USER0114,2025-04-21 12:55:56,2025-04-21 13:21:56,Social Media,/pricing,mobile
SES00436,USER0115,2024-07-10 11:59:33,2024-07-10 12:20:33,Organic Search,/features,tablet
SES00437,USER0116,2025-01-18 21:01:35,2025-01-18 21:20:35,Social Media,/pricing,tablet
SES00438,USER0116,2025-01-20 18:39:55,2025-01-20 18:55:55,Social Media,/blog,tablet
SES00439,USER0116,2024-12-25 11:41:08,2024-12-25 12:20:08,Social Media,/demo,tablet
SES00440,USER0116,2025-01-19 10:20:04,2025-01-19 10:57:04,Social Media,/demo,tablet
SES00441,USER0117,2024-11-10 10:01:48,2024-11-10 10:20:48,Paid Ads,/demo,mobile
SES00442,USER0118,2024-09-14 13:11:54,2024-09-14 13:37:54,Organic Search,/blog,desktop
SES00443,USER0118,2024-09-17 18:12:48,2024-09-17 18:27:48,Organic Search,/home,desktop
SES00444,USER0118,2024-09-21 15:56:15,2024-09-21 16:25:15,Organic Search,/blog,desktop
SES00445,USER0118,2024-09-24 19:36:38,2024-09-24 20:12:38,Organic Search,/demo,desktop
SES00446,USER0118,2024-09-10 16:25:47,2024-09-10 16:29:47,Organic Search,/demo,desktop
SES00447,USER0118,2024-09-22 12:49:52,2024-09-22 13:09:52,Organic Search,/blog,desktop
SES00448,USER0119,2025-06-14 22:45:57,2025-06-14 22:59:57,Organic Search,/blog,tablet
SES00449,USER0119,2025-05-29 16:45:24,2025-05-29 17:19:24,Organic Search,/demo,tablet
SES00450,USER0119,2025-06-23 10:11:49,2025-06-23 10:16:49,Organic Search,/blog,tablet
SES00451,USER0119,2025-06-15 20:16:00,2025-06-15 20:47:00,Organic Search,/blog,tablet
SES00452,USER0120,2025-09-11 08:41:22,2025-09-11 08:45:22,Referral,/pricing,tablet
SES00453,USER0120,2025-09-12 10:43:18,2025-09-12 11:23:18,Referral,/demo,tablet
SES00454,USER0121,2025-07-23 17:03:06,2025-07-23 17:41:06,Organic Search,/signup,mobile
SES00455,USER0121,2025-08-13 13:16:33,2025-08-13 13:54:33,Organic Search,/demo,mobile
SES00456,USER0121,2025-07-24 19:18:12,2025-07-24 19:20:12,Organic Search,/home,mobile
SES00457,USER0121,2025-07-27 13:35:51,2025-07-27 13:50:51,Organic Search,/home,mobile
SES00458,USER0121,2025-07-27 20:00:07,2025-07-27 20:23:07,Organic Search,/features,mobile
SES00459,USER0121,2025-08-15 18:30:58,2025-08-15 19:02:58,Organic Search,/home,mobile
SES00460,USER0122,2024-11-04 10:17:53,2024-11-04 10:20:53,Referral,/features,tablet
SES00461,USER0122,2024-11-07 17:07:55,2024-11-07 17:28:55,Referral,/signup,tablet
SES00462,USER0122,2024-11-16 21:19:13,2024-11-16 21:54:13,Referral,/features,tablet
SES00463,USER0123,2025-06-05 20:20:09,2025-06-05 20:28:09,Organic Search,/demo,desktop
SES00464,USER0123,2025-06-19 08:29:24,2025-06-19 09:04:24,Organic Search,/home,desktop
SES00465,USER0123,2025-06-23 09:21:29,2025-06-23 09:25:29,Organic Search,/home,desktop
SES00466,USER0123,2025-06-14 20:19:40,2025-06-14 20:34:40,Organic Search,/features,desktop
SES00467,USER0123,2025-06-13 13:49:28,2025-06-13 13:58:28,Organic Search,/features,desktop
SES00468,USER0124,2024-02-10 12:36:15,2024-02-10 12:48:15,Direct,/home,tablet
SES00469,USER0124,2024-01-28 08:05:27,2024-01-28 08:32:27,Direct,/pricing,tablet
SES00470,USER0124,2024-01-26 21:12:45,2024-01-26 21:48:45,Direct,/home,tablet
SES00471,USER0124,2024-01-31 11:14:09,2024-01-31 11:32:09,Direct,/features,tablet
SES00472,USER0124,2024-01-31 09:22:30,2024-01-31 09:53:30,Direct,/pricing,tablet
SES00473,USER0124,2024-02-02 15:25:37,2024-02-02 15:53:37,Direct,/pricing,tablet
SES00474,USER0125,2024-09-24 15:07:37,2024-09-24 15:47:37,Organic Search,/blog,tablet
SES00475,USER0125,2024-09-03 12:25:04,2024-09-03 13:05:04,Organic Search,/home,tablet
SES00476,USER0125,2024-09-08 15:41:42,2024-09-08 15:46:42,Organic Search,/home,tablet
SES00477,USER0125,2024-09-26 20:40:51,2024-09-26 20:42:51,Organic Search,/pricing,tablet
SES00478,USER0125,2024-09-07 14:39:36,2024-09-07 15:09:36,Organic Search,/pricing,tablet
SES00479,USER0126,2025-08-06 17:32:25,2025-08-06 17:42:25,Social Media,/features,desktop
SES00480,USER0126,2025-08-28 16:52:22,2025-08-28 17:01:22,Social Media,/features,desktop
SES00481,USER0126,2025-08-28 14:25:24,2025-08-28 14:54:24,Social Media,/demo,desktop
SES00482,USER0126,2025-09-01 22:23:53,2025-09-01 22:51:53,Social Media,/pricing,desktop
SES00483,USER0126,2025-08-06 09:41:01,2025-08-06 09:52:01,Social Media,/signup,desktop
SES00484,USER0127,2025-03-12 11:11:27,2025-03-12 11:51:27,Direct,/home,desktop
SES00485,USER0127,2025-03-12 08:02:36,2025-03-12 08:34:36,Direct,/signup,desktop
SES00486,USER0127,2025-03-15 16:05:33,2025-03-15 16:12:33,Direct,/pricing,desktop
SES00487,USER0127,2025-03-20 08:57:21,2025-03-20 09:33:21,Direct,/home,desktop
SES00488,USER0128,2024-02-24 08:42:18,2024-02-24 08:45:18,Social Media,/features,tablet
SES00489,USER0128,2024-03-04 12:00:47,2024-03-04 12:09:47,Social Media,/demo,tablet
SES00490,USER0129,2024-06-21 14:15:42,2024-06-21 14:45:42,Referral,/signup,desktop
SES00491,USER0129,2024-06-20 21:22:03,2024-06-20 21:40:03,Referral,/home,desktop
SES00492,USER0129,2024-06-12 12:30:47,2024-06-12 13:06:47,Referral,/pricing,desktop
SES00493,USER0129,2024-06-05 10:33:55,2024-06-05 11:02:55,Referral,/home,desktop
SES00494,USER0130,2025-12-24 16:40:22,2025-12-24 17:09:22,Paid Ads,/demo,tablet
SES00495,USER0131,2024-12-30 17:49:12,2024-12-30 18:24:12,Organic Search,/features,desktop
SES00496,USER0131,2024-12-09 14:06:33,2024-12-09 14:14:33,Organic Search,/signup,desktop
SES00497,USER0131,2024-12-10 17:42:57,2024-12-10 17:57:57,Organic Search,/demo,desktop
SES00498,USER0131,2025-01-06 09:44:11,2025-01-06 10:02:11,Organic Search,/features,desktop
SES00499,USER0131,2024-12-17 10:49:04,2024-12-17 11:08:04,Organic Search,/home,desktop
SES00500,USER0131,2025-01-07 11:39:25,2025-01-07 11:52:25,Organic Search,/signup,desktop
SES00501,USER0132,2024-02-05 22:02:42,2024-02-05 22:28:42,Organic Search,/features,tablet
SES00502,USER0132,2024-02-12 08:24:44,2024-02-12 08:56:44,Organic Search,/home,tablet
SES00503,USER0132,2024-02-22 21:21:05,2024-02-22 21:52:05,Organic Search,/features,tablet
SES00504,USER0132,2024-02-07 22:40:28,2024-02-07 22:54:28,Organic Search,/pricing,tablet
SES00505,USER0132,2024-02-22 21:51:28,2024-02-22 21:54:28,Organic Search,/home,tablet
SES00506,USER0132,2024-02-12 22:04:02,2024-02-12 22:15:02,Organic Search,/blog,tablet
SES00507,USER0133,2025-09-22 21:47:43,2025-09-22 22:14:43,Organic Search,/features,mobile
SES00508,USER0133,2025-08-31 12:09:48,2025-08-31 12:37:48,Organic Search,/pricing,mobile
SES00509,USER0133,2025-09-21 10:01:56,2025-09-21 10:34:56,Organic Search,/home,mobile
SES00510,USER0134,2025-03-17 21:50:19,2025-03-17 22:14:19,Organic Search,/blog,tablet
SES00511,USER0135,2024-09-08 22:30:31,2024-09-08 22:43:31,Paid Ads,/pricing,desktop
SES00512,USER0135,2024-08-20 13:39:51,2024-08-20 14:10:51,Paid Ads,/home,desktop
SES00513,USER0135,2024-08-27 16:07:04,2024-08-27 16:24:04,Paid Ads,/signup,desktop
SES00514,USER0135,2024-09-05 09:20:14,2024-09-05 09:28:14,Paid Ads,/pricing,desktop
SES00515,USER0135,2024-08-14 15:37:31,2024-08-14 15:42:31,Paid Ads,/blog,desktop
SES00516,USER0135,2024-08-24 13:08:29,2024-08-24 13:22:29,Paid Ads,/signup,desktop
SES00517,USER0136,2024-11-13 17:57:10,2024-11-13 18:35:10,Organic Search,/demo,desktop
SES00518,USER0136,2024-10-29 21:29:17,2024-10-29 21:31:17,Organic Search,/signup,desktop
SES00519,USER0136,2024-11-11 22:37:09,2024-11-11 23:15:09,Organic Search,/home,desktop
SES00520,USER0136,2024-10-26 15:51:51,2024-10-26 15:59:51,Organic Search,/blog,desktop
SES00521,USER0136,2024-10-21 18:05:01,2024-10-21 18:37:01,Organic Search,/signup,desktop
SES00522,USER0136,2024-11-07 10:55:45,2024-11-07 11:22:45,Organic Search,/pricing,desktop
SES00523,USER0137,2024-02-21 20:13:50,2024-02-21 20:20:50,Paid Ads,/demo,tablet
SES00524,USER0137,2024-02-19 22:43:23,2024-02-19 22:48:23,Paid Ads,/home,tablet
SES00525,USER0137,2024-02-04 13:23:11,2024-02-04 14:00:11,Paid Ads,/signup,tablet
SES00526,USER0137,2024-02-13 11:34:07,2024-02-13 12:06:07,Paid Ads,/signup,tablet
SES00527,USER0137,2024-03-01 19:13:48,2024-03-01 19:29:48,Paid Ads,/features,tablet
SES00528,USER0138,2025-12-19 16:43:52,2025-12-19 17:19:52,Paid Ads,/features,mobile
SES00529,USER0138,2025-12-09 22:11:18,2025-12-09 22:17:18,Paid Ads,/home,mobile
SES00530,USER0138,2025-12-10 18:34:59,2025-12-10 18:44:59,Paid Ads,/blog,mobile
SES00531,USER0138,2025-12-23 16:41:21,2025-12-23 17:09:21,Paid Ads,/demo,mobile
SES00532,USER0139,2025-08-18 13:18:49,2025-08-18 13:23:49,Organic Search,/pricing,mobile
SES00533,USER0139,2025-08-22 22:10:45,2025-08-22 22:46:45,Organic Search,/features,mobile
SES00534,USER0140,2024-06-15 18:20:22,2024-06-15 18:31:22,Organic Search,/features,desktop
SES00535,USER0140,2024-07-14 15:59:20,2024-07-14 16:10:20,Organic Search,/home,desktop
SES00536,USER0140,2024-07-09 17:46:58,2024-07-09 18:16:58,Organic Search,/features,desktop
SES00537,USER0140,2024-07-03 21:14:28,2024-07-03 21:38:28,Organic Search,/home,desktop
SES00538,USER0140,2024-07-05 18:05:32,2024-07-05 18:32:32,Organic Search,/pricing,desktop
SES00539,USER0140,2024-06-25 08:18:22,2024-06-25 08:42:22,Organic Search,/features,desktop
SES00540,USER0141,2025-03-12 10:13:19,2025-03-12 10:45:19,Social Media,/demo,mobile
SES00541,USER0141,2025-04-08 17:48:24,2025-04-08 17:55:24,Social Media,/home,mobile
SES00542,USER0141,2025-03-15 16:29:45,2025-03-15 17:07:45,Social Media,/pricing,mobile
SES00543,USER0141,2025-03-27 15:02:52,2025-03-27 15:23:52,Social Media,/demo,mobile
SES00544,USER0141,2025-03-17 08:50:00,2025-03-17 09:01:00,Social Media,/features,mobile
SES00545,USER0142,2025-11-02 17:47:23,2025-11-02 18:26:23,Social Media,/blog,desktop
SES00546,USER0142,2025-11-16 19:36:01,2025-11-16 19:54:01,Social Media,/pricing,desktop
SES00547,USER0142,2025-11-11 14:40:58,2025-11-11 15:04:58,Social Media,/home,desktop
SES00548,USER0142,2025-11-19 20:10:34,2025-11-19 20:32:34,Social Media,/features,desktop
SES00549,USER0143,2024-06-02 10:32:14,2024-06-02 10:46:14,Organic Search,/demo,desktop
SES00550,USER0144,2024-05-15 20:21:11,2024-05-15 20:42:11,Social Media,/home,desktop
SES00551,USER0144,2024-05-03 09:27:44,2024-05-03 09:36:44,Social Media,/home,desktop
SES00552,USER0144,2024-04-30 15:07:58,2024-04-30 15:25:58,Social Media,/home,desktop
SES00553,USER0144,2024-05-04 18:22:01,2024-05-04 18:29:01,Social Media,/pricing,desktop
SES00554,USER0144,2024-05-10 10:54:32,2024-05-10 11:11:32,Social Media,/demo,desktop
SES00555,USER0145,2025-07-19 13:44:37,2025-07-19 13:57:37,Organic Search,/blog,mobile
SES00556,USER0145,2025-07-30 13:24:27,2025-07-30 13:39:27,Organic Search,/demo,mobile
SES00557,USER0145,2025-07-07 15:07:33,2025-07-07 15:17:33,Organic Search,/blog,mobile
SES00558,USER0145,2025-07-21 19:02:05,2025-07-21 19:24:05,Organic Search,/blog,mobile
SES00559,USER0145,2025-07-23 19:19:43,2025-07-23 19:49:43,Organic Search,/pricing,mobile
SES00560,USER0145,2025-07-10 21:04:57,2025-07-10 21:36:57,Organic Search,/signup,mobile
SES00561,USER0146,2025-11-22 19:59:57,2025-11-22 20:11:57,Organic Search,/home,tablet
SES00562,USER0146,2025-11-27 20:45:49,2025-11-27 21:24:49,Organic Search,/demo,tablet
SES00563,USER0146,2025-11-23 20:29:06,2025-11-23 20:38:06,Organic Search,/features,tablet
SES00564,USER0146,2025-12-01 17:43:20,2025-12-01 17:54:20,Organic Search,/features,tablet
SES00565,USER0146,2025-12-04 16:16:34,2025-12-04 16:39:34,Organic Search,/demo,tablet
SES00566,USER0147,2024-02-21 18:31:42,2024-02-21 19:08:42,Organic Search,/signup,tablet
SES00567,USER0148,2024-10-28 14:06:27,2024-10-28 14:30:27,Paid Ads,/features,tablet
SES00568,USER0148,2024-11-14 12:07:21,2024-11-14 12:19:21,Paid Ads,/home,tablet
SES00569,USER0148,2024-10-18 19:30:37,2024-10-18 19:33:37,Paid Ads,/features,tablet
SES00570,USER0148,2024-11-03 20:48:42,2024-11-03 21:11:42,Paid Ads,/pricing,tablet
SES00571,USER0148,2024-10-26 08:19:36,2024-10-26 08:46:36,Paid Ads,/pricing,tablet
SES00572,USER0148,2024-10-28 12:04:36,2024-10-28 12:39:36,Paid Ads,/blog,tablet
SES00573,USER0149,2024-08-14 16:55:11,2024-08-14 17:33:11,Paid Ads,/blog,tablet
SES00574,USER0149,2024-08-17 17:54:49,2024-08-17 18:23:49,Paid Ads,/demo,tablet
SES00575,USER0149,2024-08-19 14:26:20,2024-08-19 14:32:20,Paid Ads,/signup,tablet
SES00576,USER0149,2024-08-04 11:07:09,2024-08-04 11:21:09,Paid Ads,/home,tablet
SES00577,USER0149,2024-07-28 12:08:01,2024-07-28 12:26:01,Paid Ads,/features,tablet
SES00578,USER0149,2024-08-02 17:19:55,2024-08-02 17:25:55,Paid Ads,/blog,tablet
SES00579,USER0150,2025-08-15 15:56:05,2025-08-15 16:13:05,Social Media,/demo,tablet
SES00580,USER0150,2025-09-05 14:13:09,2025-09-05 14:21:09,Social Media,/pricing,tablet
SES00581,USER0150,2025-08-22 16:23:44,2025-08-22 16:32:44,Social Media,/features,tablet
SES00582,USER0150,2025-08-22 19:23:52,2025-08-22 19:44:52,Social Media,/home,tablet
SES00583,USER0150,2025-08-29 22:50:42,2025-08-29 23:07:42,Social Media,/features,tablet
SES00584,USER0151,2025-02-21 13:56:51,2025-02-21 14:24:51,Organic Search,/home,desktop
SES00585,USER0151,2025-03-01 22:52:06,2025-03-01 23:04:06,Organic Search,/signup,desktop
SES00586,USER0151,2025-02-21 18:11:40,2025-02-21 18:41:40,Organic Search,/signup,desktop
SES00587,USER0151,2025-02-08 16:45:49,2025-02-08 16:55:49,Organic Search,/demo,desktop
SES00588,USER0152,2024-10-22 08:01:59,2024-10-22 08:38:59,Organic Search,/signup,desktop
SES00589,USER0152,2024-11-06 21:10:03,2024-11-06 21:37:03,Organic Search,/demo,desktop
SES00590,USER0152,2024-10-18 08:45:33,2024-10-18 09:14:33,Organic Search,/blog,desktop
SES00591,USER0152,2024-11-14 21:52:50,2024-11-14 22:11:50,Organic Search,/features,desktop
SES00592,USER0152,2024-11-10 12:46:43,2024-11-10 13:00:43,Organic Search,/blog,desktop
SES00593,USER0153,2025-04-28 14:43:13,2025-04-28 15:09:13,Direct,/signup,tablet
SES00594,USER0153,2025-05-06 18:51:38,2025-05-06 18:55:38,Direct,/home,tablet
SES00595,USER0153,2025-04-14 10:32:31,2025-04-14 10:55:31,Direct,/blog,tablet
SES00596,USER0154,2024-11-01 13:27:57,2024-11-01 13:39:57,Direct,/features,tablet
SES00597,USER0154,2024-11-02 21:59:42,2024-11-02 22:29:42,Direct,/home,tablet
SES00598,USER0154,2024-10-21 08:30:16,2024-10-21 08:42:16,Direct,/signup,tablet
SES00599,USER0155,2024-02-14 13:05:13,2024-02-14 13:25:13,Paid Ads,/pricing,desktop
SES00600,USER0155,2024-02-17 17:00:33,2024-02-17 17:38:33,Paid Ads,/pricing,desktop
SES00601,USER0156,2025-11-28 09:29:53,2025-11-28 10:01:53,Direct,/blog,desktop
SES00602,USER0156,2025-12-28 15:20:46,2025-12-28 15:58:46,Direct,/pricing,desktop
SES00603,USER0157,2025-10-02 14:18:41,2025-10-02 14:29:41,Paid Ads,/home,desktop
SES00604,USER0157,2025-09-24 11:31:28,2025-09-24 11:57:28,Paid Ads,/blog,desktop
SES00605,USER0157,2025-09-09 16:21:29,2025-09-09 16:37:29,Paid Ads,/signup,desktop
SES00606,USER0157,2025-10-07 20:30:19,2025-10-07 20:41:19,Paid Ads,/pricing,desktop
SES00607,USER0158,2024-04-27 15:11:50,2024-04-27 15:24:50,Paid Ads,/blog,desktop
SES00608,USER0158,2024-04-12 10:05:47,2024-04-12 10:45:47,Paid Ads,/features,desktop
SES00609,USER0158,2024-04-28 14:55:42,2024-04-28 15:35:42,Paid Ads,/signup,desktop
SES00610,USER0158,2024-04-06 11:07:52,2024-04-06 11:10:52,Paid Ads,/signup,desktop
SES00611,USER0158,2024-04-12 09:19:49,2024-04-12 09:50:49,Paid Ads,/pricing,desktop
SES00612,USER0158,2024-04-13 11:18:36,2024-04-13 11:45:36,Paid Ads,/home,desktop
SES00613,USER0159,2025-05-19 19:03:33,2025-05-19 19:06:33,Referral,/blog,tablet
SES00614,USER0159,2025-05-20 22:41:26,2025-05-20 23:13:26,Referral,/home,tablet
SES00615,USER0159,2025-06-03 14:01:10,2025-06-03 14:21:10,Referral,/signup,tablet
SES00616,USER0159,2025-05-19 16:14:37,2025-05-19 16:37:37,Referral,/demo,tablet
SES00617,USER0160,2024-06-03 19:23:50,2024-06-03 19:55:50,Direct,/pricing,desktop
SES00618,USER0160,2024-06-04 15:08:11,2024-06-04 15:22:11,Direct,/pricing,desktop
SES00619,USER0160,2024-06-13 15:19:15,2024-06-13 15:34:15,Direct,/demo,desktop
SES00620,USER0160,2024-06-11 12:22:43,2024-06-11 12:34:43,Direct,/pricing,desktop
SES00621,USER0160,2024-05-15 20:04:21,2024-05-15 20:33:21,Direct,/home,desktop
SES00622,USER0160,2024-05-21 15:16:21,2024-05-21 15:40:21,Direct,/home,desktop
SES00623,USER0161,2024-10-25 15:53:48,2024-10-25 16:02:48,Direct,/home,tablet
SES00624,USER0161,2024-10-16 09:10:40,2024-10-16 09:19:40,Direct,/pricing,tablet
SES00625,USER0161,2024-10-15 19:55:06,2024-10-15 20:06:06,Direct,/signup,tablet
SES00626,USER0161,2024-10-24 20:00:15,2024-10-24 20:32:15,Direct,/features,tablet
SES00627,USER0162,2025-12-06 14:26:58,2025-12-06 14:54:58,Organic Search,/blog,desktop
SES00628,USER0162,2025-12-06 18:23:01,2025-12-06 18:53:01,Organic Search,/pricing,desktop
SES00629,USER0163,2024-03-25 08:25:48,2024-03-25 08:29:48,Organic Search,/signup,desktop
SES00630,USER0163,2024-04-09 17:03:40,2024-04-09 17:38:40,Organic Search,/features,desktop
SES00631,USER0164,2024-12-16 10:44:25,2024-12-16 11:14:25,Direct,/signup,desktop
SES00632,USER0164,2024-12-12 17:41:28,2024-12-12 18:05:28,Direct,/signup,desktop
SES00633,USER0164,2024-11-19 08:34:21,2024-11-19 09:00:21,Direct,/signup,desktop
SES00634,USER0164,2024-12-04 12:13:05,2024-12-04 12:47:05,Direct,/demo,desktop
SES00635,USER0164,2024-11-17 08:56:50,2024-11-17 09:32:50,Direct,/demo,desktop
SES00636,USER0165,2025-06-15 12:36:47,2025-06-15 12:38:47,Organic Search,/blog,desktop
SES00637,USER0166,2024-11-20 11:52:49,2024-11-20 12:17:49,Paid Ads,/blog,tablet
SES00638,USER0166,2024-11-16 09:23:43,2024-11-16 09:58:43,Paid Ads,/blog,tablet
SES00639,USER0166,2024-11-06 16:08:31,2024-11-06 16:39:31,Paid Ads,/pricing,tablet
SES00640,USER0166,2024-11-13 22:07:38,2024-11-13 22:35:38,Paid Ads,/home,tablet
SES00641,USER0166,2024-11-02 20:09:09,2024-11-02 20:48:09,Paid Ads,/blog,tablet
SES00642,USER0167,2024-03-12 19:53:38,2024-03-12 20:03:38,Paid Ads,/pricing,desktop
SES00643,USER0167,2024-02-17 20:39:42,2024-02-17 21:07:42,Paid Ads,/blog,desktop
SES00644,USER0167,2024-03-06 09:55:10,2024-03-06 09:58:10,Paid Ads,/demo,desktop
SES00645,USER0167,2024-02-17 11:39:34,2024-02-17 12:17:34,Paid Ads,/home,desktop
SES00646,USER0168,2025-11-19 09:51:34,2025-11-19 10:31:34,Direct,/features,mobile
SES00647,USER0168,2025-11-18 08:55:33,2025-11-18 09:17:33,Direct,/blog,mobile
SES00648,USER0168,2025-11-29 09:09:19,2025-11-29 09:37:19,Direct,/signup,mobile
SES00649,USER0168,2025-11-15 10:26:57,2025-11-15 10:48:57,Direct,/features,mobile
SES00650,USER0168,2025-11-20 16:48:32,2025-11-20 17:14:32,Direct,/home,mobile
SES00651,USER0169,2024-10-16 09:54:40,2024-10-16 10:28:40,Referral,/pricing,tablet
SES00652,USER0169,2024-10-03 08:52:29,2024-10-03 09:12:29,Referral,/signup,tablet
SES00653,USER0169,2024-10-28 18:13:37,2024-10-28 18:47:37,Referral,/features,tablet
SES00654,USER0169,2024-10-08 17:32:51,2024-10-08 17:54:51,Referral,/signup,tablet
SES00655,USER0170,2024-12-17 08:57:00,2024-12-17 09:10:00,Organic Search,/blog,tablet
SES00656,USER0170,2024-12-19 09:50:56,2024-12-19 09:56:56,Organic Search,/demo,tablet
SES00657,USER0170,2024-12-13 21:24:52,2024-12-13 22:04:52,Organic Search,/features,tablet
SES00658,USER0170,2024-12-16 13:59:12,2024-12-16 14:29:12,Organic Search,/home,tablet
SES00659,USER0170,2024-12-23 22:45:22,2024-12-23 22:59:22,Organic Search,/home,tablet
SES00660,USER0171,2024-09-02 11:00:12,2024-09-02 11:27:12,Organic Search,/home,desktop
SES00661,USER0171,2024-08-20 18:47:36,2024-08-20 19:27:36,Organic Search,/demo,desktop
SES00662,USER0171,2024-09-10 11:56:33,2024-09-10 12:15:33,Organic Search,/pricing,desktop
SES00663,USER0171,2024-09-04 16:56:29,2024-09-04 16:58:29,Organic Search,/blog,desktop
SES00664,USER0171,2024-08-27 21:26:17,2024-08-27 21:35:17,Organic Search,/signup,desktop
SES00665,USER0171,2024-08-22 22:26:34,2024-08-22 22:56:34,Organic Search,/features,desktop
SES00666,USER0172,2025-03-22 20:01:37,2025-03-22 20:24:37,Direct,/features,mobile
SES00667,USER0172,2025-04-02 17:39:28,2025-04-02 17:47:28,Direct,/signup,mobile
SES00668,USER0172,2025-03-10 22:51:28,2025-03-10 22:56:28,Direct,/features,mobile
SES00669,USER0172,2025-04-02 14:14:55,2025-04-02 14:54:55,Direct,/signup,mobile
SES00670,USER0173,2024-05-10 16:16:22,2024-05-10 16:44:22,Organic Search,/blog,tablet
SES00671,USER0173,2024-04-24 12:37:27,2024-04-24 13:11:27,Organic Search,/signup,tablet
SES00672,USER0174,2024-11-30 18:43:09,2024-11-30 18:48:09,Referral,/pricing,desktop
SES00673,USER0174,2024-11-25 13:12:12,2024-11-25 13:26:12,Referral,/home,desktop
SES00674,USER0174,2024-12-01 19:21:54,2024-12-01 20:00:54,Referral,/demo,desktop
SES00675,USER0174,2024-11-21 14:21:10,2024-11-21 14:29:10,Referral,/blog,desktop
SES00676,USER0174,2024-11-27 11:58:00,2024-11-27 12:14:00,Referral,/signup,desktop
SES00677,USER0175,2024-09-12 08:35:07,2024-09-12 08:46:07,Paid Ads,/features,tablet
SES00678,USER0176,2024-12-13 21:43:08,2024-12-13 22:09:08,Direct,/signup,mobile
SES00679,USER0177,2025-02-10 14:56:45,2025-02-10 15:02:45,Social Media,/home,tablet
SES00680,USER0177,2025-01-19 16:24:44,2025-01-19 16:49:44,Social Media,/features,tablet
SES00681,USER0177,2025-02-06 17:37:12,2025-02-06 18:13:12,Social Media,/features,tablet
SES00682,USER0177,2025-01-20 08:40:50,2025-01-20 08:59:50,Social Media,/pricing,tablet
SES00683,USER0177,2025-02-10 15:13:46,2025-02-10 15:20:46,Social Media,/blog,tablet
SES00684,USER0178,2024-03-22 16:29:11,2024-03-22 16:51:11,Organic Search,/signup,tablet
SES00685,USER0178,2024-03-22 12:37:25,2024-03-22 13:16:25,Organic Search,/signup,tablet
SES00686,USER0178,2024-03-21 21:15:25,2024-03-21 21:30:25,Organic Search,/features,tablet
SES00687,USER0179,2024-06-16 17:02:29,2024-06-16 17:36:29,Direct,/demo,desktop
SES00688,USER0179,2024-06-23 11:16:41,2024-06-23 11:22:41,Direct,/features,desktop
SES00689,USER0179,2024-06-11 13:02:34,2024-06-11 13:16:34,Direct,/features,desktop
SES00690,USER0180,2024-10-15 15:41:32,2024-10-15 15:52:32,Social Media,/blog,desktop
SES00691,USER0180,2024-10-22 16:37:50,2024-10-22 17:14:50,Social Media,/blog,desktop
SES00692,USER0180,2024-11-09 09:20:54,2024-11-09 09:34:54,Social Media,/blog,desktop
SES00693,USER0180,2024-10-21 15:28:54,2024-10-21 16:05:54,Social Media,/home,desktop
SES00694,USER0180,2024-10-24 19:00:31,2024-10-24 19:24:31,Social Media,/features,desktop
SES00695,USER0180,2024-11-08 20:44:34,2024-11-08 21:05:34,Social Media,/features,desktop
